concept,condition,parcel,parcel_id,response
blue,text,?,0,-0.08085424
blue,text,10d,1,-0.07744701
blue,text,10pp,2,-0.056177463
blue,text,10r,3,-0.12555571
blue,text,10v,4,-0.106989786
blue,text,11l,5,0.030264175
blue,text,13l,6,-0.048569947
blue,text,1,7,-0.02678643
blue,text,23c,8,-0.03696289
blue,text,23d,9,0.027830813
blue,text,24dd,10,-0.0075348257
blue,text,24dv,11,0.035057615
blue,text,25,12,-0.09460869
blue,text,2,13,-0.03624721
blue,text,31a,14,-0.04289504
blue,text,31pd,15,-0.31908548
blue,text,31pv,16,-0.14485481
blue,text,33pr,17,0.09076831
blue,text,3a,18,-0.06557546
blue,text,3b,19,-0.09108327
blue,text,43,20,0.0018483192
blue,text,44,21,-0.06345775
blue,text,45,22,-0.11860032
blue,text,46,23,0.0733935
blue,text,47l,24,-0.18549453
blue,text,47m,25,-0.026006633
blue,text,47s,26,-0.17635718
blue,text,4,27,0.020872453
blue,text,52,28,0.0031502715
blue,text,55b,29,-0.026042141
blue,text,5L,30,-0.0206338
blue,text,5m,31,-0.04999731
blue,text,5mv,32,-0.041284304
blue,text,6a,33,-0.0468226
blue,text,6d,34,-0.068735145
blue,text,6ma,35,-0.037668075
blue,text,6mp,36,0.03247341
blue,text,6r,37,0.054003913
blue,text,6v,38,-0.01610052
blue,text,7AL,39,-0.048739757
blue,text,7Am,40,-0.19211817
blue,text,7PC,41,-0.041510716
blue,text,7PL,42,0.013002676
blue,text,7Pm,43,-0.2515239
blue,text,7m,44,-0.42799315
blue,text,8Ad,45,-0.121878445
blue,text,8Av,46,-0.11838689
blue,text,8BL,47,-0.21439907
blue,text,8BM,48,-0.051455565
blue,text,8C,49,-0.04819483
blue,text,9-46d,50,0.03469337
blue,text,9a,51,-0.11323128
blue,text,9m,52,-0.3271673
blue,text,9p,53,-0.14865749
blue,text,A1,54,-0.055410787
blue,text,A4,55,-0.13586314
blue,text,A5,56,-0.32733554
blue,text,AAIC,57,-0.029322779
blue,text,AIP,58,0.017319689
blue,text,AVI,59,0.07781576
blue,text,DVT,60,-0.057350267
blue,text,EC,61,-0.15166098
blue,text,FEF,62,-0.0009272423
blue,text,FFC,63,-0.24271622
blue,text,FOP1,64,-0.066531345
blue,text,FOP2,65,-0.087484874
blue,text,FOP3,66,0.02899677
blue,text,FOP4,67,0.10044617
blue,text,FOP5,68,0.1134438
blue,text,FST,69,-0.4441823
blue,text,H,70,-0.13311751
blue,text,IFJa,71,0.04427223
blue,text,IFJp,72,0.031175587
blue,text,IFSa,73,-0.103558436
blue,text,IFSp,74,-0.04789846
blue,text,IP0,75,-0.022902673
blue,text,IP1,76,0.06860625
blue,text,IP2,77,0.11794247
blue,text,IPS1,78,0.0073009096
blue,text,Ig,79,-0.04836005
blue,text,LBelt,80,-0.085456535
blue,text,LIPd,81,0.11408237
blue,text,LIPv,82,0.0782417
blue,text,LO1,83,-0.16443159
blue,text,LO2,84,-0.32814673
blue,text,LO3,85,-0.3383333
blue,text,MBelt,86,0.02394039
blue,text,MIP,87,0.06519644
blue,text,MI,88,0.060817212
blue,text,MST,89,-0.51612073
blue,text,MT,90,-0.6548606
blue,text,OFC,91,-0.043747313
blue,text,OP1,92,-0.09798833
blue,text,OP2-3,93,-0.04628029
blue,text,OP4,94,-0.033974245
blue,text,PBelt,95,-0.09042214
blue,text,PCV,96,-0.39825156
blue,text,PEF,97,-0.080292724
blue,text,PF,98,0.008925277
blue,text,PFcm,99,-0.031988867
blue,text,PFm,100,0.02143279
blue,text,PFop,101,-0.0063271546
blue,text,PFt,102,-0.04936152
blue,text,PGi,103,-0.46919832
blue,text,PGp,104,-0.19928095
blue,text,PGs,105,-0.2115681
blue,text,PHA1,106,-0.09999175
blue,text,PHA2,107,-0.09356803
blue,text,PHA3,108,-0.008796738
blue,text,PHT,109,-0.3316314
blue,text,PH,110,-0.07748892
blue,text,PIT,111,-0.32526883
blue,text,PI,112,-0.043816373
blue,text,POS1,113,-0.14210235
blue,text,POS2,114,-0.016727343
blue,text,PSL,115,-0.1291773
blue,text,PeEc,116,-0.16359836
blue,text,Pir,117,-0.16470885
blue,text,PoI1,118,-0.033781927
blue,text,PoI2,119,-0.014710999
blue,text,PreS,120,-0.077706374
blue,text,ProS,121,-0.01395645
blue,text,RI,122,0.020505466
blue,text,RSC,123,-0.034273345
blue,text,SCEF,124,0.047563583
blue,text,SFL,125,-0.18471651
blue,text,STGa,126,-0.38146144
blue,text,STSda,127,-0.4566064
blue,text,STSdp,128,-0.37299332
blue,text,STSva,129,-0.45895976
blue,text,STSvp,130,-0.39421967
blue,text,STV,131,-0.3323287
blue,text,TA2,132,0.009112582
blue,text,TE1a,133,-0.51301
blue,text,TE1m,134,-0.14541402
blue,text,TE1p,135,-0.12905025
blue,text,TE2a,136,-0.21747695
blue,text,TE2p,137,-0.17425138
blue,text,TF,138,-0.12689137
blue,text,TGd,139,-0.39908776
blue,text,TGv,140,-0.29677993
blue,text,TPOJ1,141,-0.31019372
blue,text,TPOJ2,142,-0.47627303
blue,text,TPOJ3,143,-0.42611083
blue,text,V1,144,-0.276019
blue,text,V2,145,-0.2900258
blue,text,V3A,146,-0.362707
blue,text,V3B,147,-0.0424546
blue,text,V3CD,148,-0.023835309
blue,text,V3,149,-0.30980343
blue,text,V4,150,-0.14515926
blue,text,V4t,151,-0.55381656
blue,text,V6A,152,-0.12642461
blue,text,V6,153,-0.045399796
blue,text,V7,154,-0.17547858
blue,text,V8,155,-0.12874049
blue,text,VIP,156,-0.071224
blue,text,VMV1,157,-0.14387791
blue,text,VMV2,158,0.021532921
blue,text,VMV3,159,0.15475401
blue,text,VVC,160,-0.012143134
blue,text,a10p,161,0.057967696
blue,text,a24,162,-0.05423304
blue,text,a24pr,163,0.08682033
blue,text,a32pr,164,0.05281921
blue,text,a47r,165,-0.07340976
blue,text,a9-46v,166,0.092866525
blue,text,d23ab,167,-0.16652888
blue,text,d32,168,-0.1299198
blue,text,i6-8,169,0.024644967
blue,text,p10p,170,0.026331196
blue,text,p24,171,0.07373854
blue,text,p24pr,172,0.037761793
blue,text,p32,173,0.041107684
blue,text,p32pr,174,0.06776376
blue,text,p47r,175,-0.08065561
blue,text,p9-46v,176,0.012929055
blue,text,pOFC,177,-0.03443519
blue,text,s32,178,-0.13826418
blue,text,s6-8,179,-0.12864171
blue,text,v23ab,180,-0.29874253
blue,color,?,0,-0.07552811
blue,color,10d,1,-0.032891743
blue,color,10pp,2,-0.06346909
blue,color,10r,3,-0.1358198
blue,color,10v,4,-0.107840024
blue,color,11l,5,0.09571808
blue,color,13l,6,-0.020591838
blue,color,1,7,0.045708362
blue,color,23c,8,0.006390956
blue,color,23d,9,0.09576122
blue,color,24dd,10,0.0815146
blue,color,24dv,11,0.15167484
blue,color,25,12,-0.12136402
blue,color,2,13,0.030413873
blue,color,31a,14,-0.04870943
blue,color,31pd,15,-0.47172683
blue,color,31pv,16,-0.18741858
blue,color,33pr,17,0.21253072
blue,color,3a,18,-0.013276961
blue,color,3b,19,-0.07064976
blue,color,43,20,0.072944194
blue,color,44,21,-0.093514815
blue,color,45,22,-0.17644776
blue,color,46,23,0.14226903
blue,color,47l,24,-0.24087387
blue,color,47m,25,0.031149043
blue,color,47s,26,-0.22386082
blue,color,4,27,0.11835534
blue,color,52,28,0.09714071
blue,color,55b,29,-0.03858902
blue,color,5L,30,0.057260863
blue,color,5m,31,0.047589388
blue,color,5mv,32,0.030152146
blue,color,6a,33,0.006852918
blue,color,6d,34,-0.022064695
blue,color,6ma,35,-0.00044493465
blue,color,6mp,36,0.17145301
blue,color,6r,37,0.10250077
blue,color,6v,38,0.04132921
blue,color,7AL,39,0.021770269
blue,color,7Am,40,-0.18219636
blue,color,7PC,41,-0.052158203
blue,color,7PL,42,0.1093064
blue,color,7Pm,43,-0.3171612
blue,color,7m,44,-0.61750466
blue,color,8Ad,45,-0.1164636
blue,color,8Av,46,-0.118097596
blue,color,8BL,47,-0.20515059
blue,color,8BM,48,-0.0449202
blue,color,8C,49,-0.07804924
blue,color,9-46d,50,0.06671217
blue,color,9a,51,-0.114074215
blue,color,9m,52,-0.40680343
blue,color,9p,53,-0.13653252
blue,color,A1,54,-0.060367998
blue,color,A4,55,-0.139173
blue,color,A5,56,-0.4408183
blue,color,AAIC,57,-0.024062602
blue,color,AIP,58,0.016959488
blue,color,AVI,59,0.11597767
blue,color,DVT,60,0.020333594
blue,color,EC,61,-0.16795163
blue,color,FEF,62,0.048128758
blue,color,FFC,63,-0.46586105
blue,color,FOP1,64,-0.03208486
blue,color,FOP2,65,-0.081764795
blue,color,FOP3,66,0.09828634
blue,color,FOP4,67,0.16719212
blue,color,FOP5,68,0.1470316
blue,color,FST,69,-0.719045
blue,color,H,70,-0.13347709
blue,color,IFJa,71,0.042882737
blue,color,IFJp,72,0.049151756
blue,color,IFSa,73,-0.11558626
blue,color,IFSp,74,-0.04335751
blue,color,IP0,75,0.026904777
blue,color,IP1,76,0.12586854
blue,color,IP2,77,0.14798054
blue,color,IPS1,78,0.10414597
blue,color,Ig,79,-0.008782266
blue,color,LBelt,80,-0.110705435
blue,color,LIPd,81,0.08191717
blue,color,LIPv,82,0.10733871
blue,color,LO1,83,-0.22412252
blue,color,LO2,84,-0.48994976
blue,color,LO3,85,-0.46540046
blue,color,MBelt,86,0.08997908
blue,color,MIP,87,0.12954955
blue,color,MI,88,0.13293497
blue,color,MST,89,-0.80169135
blue,color,MT,90,-0.9256422
blue,color,OFC,91,-0.061312072
blue,color,OP1,92,-0.06304491
blue,color,OP2-3,93,-0.0019890445
blue,color,OP4,94,0.027539294
blue,color,PBelt,95,-0.09101433
blue,color,PCV,96,-0.5293575
blue,color,PEF,97,-0.19955304
blue,color,PF,98,0.027895074
blue,color,PFcm,99,-0.010679067
blue,color,PFm,100,0.027171878
blue,color,PFop,101,0.03251424
blue,color,PFt,102,-0.020818684
blue,color,PGi,103,-0.64509034
blue,color,PGp,104,-0.20248051
blue,color,PGs,105,-0.21144241
blue,color,PHA1,106,-0.049510803
blue,color,PHA2,107,-0.028954268
blue,color,PHA3,108,0.10211739
blue,color,PHT,109,-0.5578774
blue,color,PH,110,-0.18686122
blue,color,PIT,111,-0.5607268
blue,color,PI,112,-0.031221487
blue,color,POS1,113,-0.16578114
blue,color,POS2,114,-0.059003167
blue,color,PSL,115,-0.20170999
blue,color,PeEc,116,-0.19716692
blue,color,Pir,117,-0.20154119
blue,color,PoI1,118,0.0022337276
blue,color,PoI2,119,0.019659756
blue,color,PreS,120,-0.06948664
blue,color,ProS,121,0.0031957666
blue,color,RI,122,0.089483306
blue,color,RSC,123,-0.028470641
blue,color,SCEF,124,0.124371774
blue,color,SFL,125,-0.20974441
blue,color,STGa,126,-0.52599996
blue,color,STSda,127,-0.7075985
blue,color,STSdp,128,-0.5293383
blue,color,STSva,129,-0.6199524
blue,color,STSvp,130,-0.5490183
blue,color,STV,131,-0.5814778
blue,color,TA2,132,0.12022564
blue,color,TE1a,133,-0.69694144
blue,color,TE1m,134,-0.18390632
blue,color,TE1p,135,-0.16771334
blue,color,TE2a,136,-0.28028056
blue,color,TE2p,137,-0.31516835
blue,color,TF,138,-0.1687505
blue,color,TGd,139,-0.5344563
blue,color,TGv,140,-0.40724918
blue,color,TPOJ1,141,-0.5622838
blue,color,TPOJ2,142,-0.8061756
blue,color,TPOJ3,143,-0.64192325
blue,color,V1,144,-0.19074437
blue,color,V2,145,-0.2385014
blue,color,V3A,146,-0.33123827
blue,color,V3B,147,0.061639026
blue,color,V3CD,148,0.08807123
blue,color,V3,149,-0.267171
blue,color,V4,150,-0.09999784
blue,color,V4t,151,-0.8043143
blue,color,V6A,152,-0.047935266
blue,color,V6,153,0.03055151
blue,color,V7,154,-0.17893283
blue,color,V8,155,-0.17173766
blue,color,VIP,156,-0.0033857382
blue,color,VMV1,157,-0.1083144
blue,color,VMV2,158,0.17446928
blue,color,VMV3,159,0.2767176
blue,color,VVC,160,-0.03665774
blue,color,a10p,161,0.12419017
blue,color,a24,162,-0.048981868
blue,color,a24pr,163,0.20419337
blue,color,a32pr,164,0.121277526
blue,color,a47r,165,-0.044415083
blue,color,a9-46v,166,0.15990257
blue,color,d23ab,167,-0.19363284
blue,color,d32,168,-0.14409147
blue,color,i6-8,169,0.101943806
blue,color,p10p,170,0.07294001
blue,color,p24,171,0.17309791
blue,color,p24pr,172,0.17227699
blue,color,p32,173,0.13177317
blue,color,p32pr,174,0.16617924
blue,color,p47r,175,-0.06832458
blue,color,p9-46v,176,0.07032172
blue,color,pOFC,177,-0.017700167
blue,color,s32,178,-0.18819807
blue,color,s6-8,179,-0.10748606
blue,color,v23ab,180,-0.36873367
blue,audio,?,0,-0.14004652
blue,audio,10d,1,-0.049743045
blue,audio,10pp,2,-0.08938599
blue,audio,10r,3,-0.15479323
blue,audio,10v,4,-0.08796515
blue,audio,11l,5,0.018105796
blue,audio,13l,6,-0.08487766
blue,audio,1,7,0.009898257
blue,audio,23c,8,-0.018965226
blue,audio,23d,9,0.001885843
blue,audio,24dd,10,0.018940624
blue,audio,24dv,11,0.04989102
blue,audio,25,12,-0.1376602
blue,audio,2,13,0.11417833
blue,audio,31a,14,-0.09890187
blue,audio,31pd,15,-0.39173803
blue,audio,31pv,16,-0.18991144
blue,audio,33pr,17,0.10858523
blue,audio,3a,18,-0.08803526
blue,audio,3b,19,-0.16735972
blue,audio,43,20,-0.019317752
blue,audio,44,21,-0.14740285
blue,audio,45,22,-0.16925153
blue,audio,46,23,0.048068978
blue,audio,47l,24,-0.22450596
blue,audio,47m,25,-0.0072126184
blue,audio,47s,26,-0.23270728
blue,audio,4,27,0.09778647
blue,audio,52,28,-0.05559237
blue,audio,55b,29,-0.017968815
blue,audio,5L,30,0.088662356
blue,audio,5m,31,0.064286925
blue,audio,5mv,32,0.02197625
blue,audio,6a,33,0.034339394
blue,audio,6d,34,-0.03491185
blue,audio,6ma,35,-0.035254747
blue,audio,6mp,36,0.093777426
blue,audio,6r,37,0.005601883
blue,audio,6v,38,0.0043809665
blue,audio,7AL,39,0.12168921
blue,audio,7Am,40,-0.14864089
blue,audio,7PC,41,0.144616
blue,audio,7PL,42,0.084649086
blue,audio,7Pm,43,-0.31341875
blue,audio,7m,44,-0.49348372
blue,audio,8Ad,45,-0.12807041
blue,audio,8Av,46,-0.09900324
blue,audio,8BL,47,-0.15811768
blue,audio,8BM,48,-0.06918368
blue,audio,8C,49,0.00087841484
blue,audio,9-46d,50,-0.062914796
blue,audio,9a,51,-0.13622801
blue,audio,9m,52,-0.3709039
blue,audio,9p,53,-0.16033757
blue,audio,A1,54,-0.042314045
blue,audio,A4,55,-0.1302083
blue,audio,A5,56,-0.39973226
blue,audio,AAIC,57,-0.10702107
blue,audio,AIP,58,0.09893439
blue,audio,AVI,59,0.0038549937
blue,audio,DVT,60,0.0050047785
blue,audio,EC,61,-0.2147435
blue,audio,FEF,62,0.14880808
blue,audio,FFC,63,-0.07604509
blue,audio,FOP1,64,-0.12802789
blue,audio,FOP2,65,-0.08054021
blue,audio,FOP3,66,-0.013538335
blue,audio,FOP4,67,0.018029513
blue,audio,FOP5,68,0.0475865
blue,audio,FST,69,-0.02651514
blue,audio,H,70,-0.21857919
blue,audio,IFJa,71,0.11504204
blue,audio,IFJp,72,0.111226544
blue,audio,IFSa,73,-0.08529943
blue,audio,IFSp,74,0.0005525897
blue,audio,IP0,75,0.14213328
blue,audio,IP1,76,0.06932411
blue,audio,IP2,77,0.12310224
blue,audio,IPS1,78,0.2423132
blue,audio,Ig,79,-0.07591241
blue,audio,LBelt,80,-0.039859254
blue,audio,LIPd,81,0.12970646
blue,audio,LIPv,82,0.32720932
blue,audio,LO1,83,0.16145076
blue,audio,LO2,84,0.027460782
blue,audio,LO3,85,-0.044656992
blue,audio,MBelt,86,0.010857406
blue,audio,MIP,87,0.14304751
blue,audio,MI,88,-0.011868308
blue,audio,MST,89,-0.04821189
blue,audio,MT,90,-0.21737342
blue,audio,OFC,91,-0.04978224
blue,audio,OP1,92,-0.11574391
blue,audio,OP2-3,93,-0.08344681
blue,audio,OP4,94,-0.08486163
blue,audio,PBelt,95,-0.066847526
blue,audio,PCV,96,-0.36887842
blue,audio,PEF,97,-0.036048695
blue,audio,PF,98,0.065333694
blue,audio,PFcm,99,0.048358858
blue,audio,PFm,100,-0.0015011145
blue,audio,PFop,101,0.03547824
blue,audio,PFt,102,0.025726449
blue,audio,PGi,103,-0.4884964
blue,audio,PGp,104,-0.08638673
blue,audio,PGs,105,-0.25133398
blue,audio,PHA1,106,-0.122085914
blue,audio,PHA2,107,-0.09304798
blue,audio,PHA3,108,0.027210223
blue,audio,PHT,109,-0.32954207
blue,audio,PH,110,0.11779059
blue,audio,PIT,111,-0.11657462
blue,audio,PI,112,-0.14120868
blue,audio,POS1,113,-0.1983352
blue,audio,POS2,114,-0.049721196
blue,audio,PSL,115,-0.12803029
blue,audio,PeEc,116,-0.20516911
blue,audio,Pir,117,-0.2657885
blue,audio,PoI1,118,-0.084743746
blue,audio,PoI2,119,-0.028695256
blue,audio,PreS,120,-0.17574078
blue,audio,ProS,121,-0.12174667
blue,audio,RI,122,0.078055285
blue,audio,RSC,123,-0.09375103
blue,audio,SCEF,124,0.03346743
blue,audio,SFL,125,-0.20939997
blue,audio,STGa,126,-0.5415956
blue,audio,STSda,127,-0.5642706
blue,audio,STSdp,128,-0.42109215
blue,audio,STSva,129,-0.5337647
blue,audio,STSvp,130,-0.4634692
blue,audio,STV,131,-0.3099903
blue,audio,TA2,132,-0.0419739
blue,audio,TE1a,133,-0.62886804
blue,audio,TE1m,134,-0.1658476
blue,audio,TE1p,135,-0.17414705
blue,audio,TE2a,136,-0.27692685
blue,audio,TE2p,137,-0.10722083
blue,audio,TF,138,-0.12169751
blue,audio,TGd,139,-0.54556674
blue,audio,TGv,140,-0.38120338
blue,audio,TPOJ1,141,-0.26802546
blue,audio,TPOJ2,142,-0.30142683
blue,audio,TPOJ3,143,-0.20264584
blue,audio,V1,144,-0.24384117
blue,audio,V2,145,-0.24539451
blue,audio,V3A,146,-0.104238994
blue,audio,V3B,147,0.22374845
blue,audio,V3CD,148,0.22144546
blue,audio,V3,149,-0.149656
blue,audio,V4,150,0.14632688
blue,audio,V4t,151,-0.045904335
blue,audio,V6A,152,0.11822591
blue,audio,V6,153,-0.050881647
blue,audio,V7,154,0.17742714
blue,audio,V8,155,0.21430008
blue,audio,VIP,156,0.14953063
blue,audio,VMV1,157,-0.17989512
blue,audio,VMV2,158,0.16494688
blue,audio,VMV3,159,0.37185103
blue,audio,VVC,160,0.10815687
blue,audio,a10p,161,0.019054422
blue,audio,a24,162,-0.12367513
blue,audio,a24pr,163,0.038701832
blue,audio,a32pr,164,-0.013735947
blue,audio,a47r,165,-0.084906764
blue,audio,a9-46v,166,0.0674508
blue,audio,d23ab,167,-0.20834552
blue,audio,d32,168,-0.18583068
blue,audio,i6-8,169,0.0659109
blue,audio,p10p,170,-0.02670742
blue,audio,p24,171,0.02276201
blue,audio,p24pr,172,0.030971438
blue,audio,p32,173,0.013768189
blue,audio,p32pr,174,0.036603082
blue,audio,p47r,175,-0.11435212
blue,audio,p9-46v,176,0.030774979
blue,audio,pOFC,177,-0.060968556
blue,audio,s32,178,-0.19583146
blue,audio,s6-8,179,-0.122689106
blue,audio,v23ab,180,-0.37215754
red,text,?,0,-0.079430886
red,text,10d,1,-0.07705912
red,text,10pp,2,-0.052719604
red,text,10r,3,-0.11882604
red,text,10v,4,-0.10317053
red,text,11l,5,0.02903412
red,text,13l,6,-0.047165304
red,text,1,7,-0.028838415
red,text,23c,8,-0.028096655
red,text,23d,9,0.028712291
red,text,24dd,10,-0.008777688
red,text,24dv,11,0.02958723
red,text,25,12,-0.09279563
red,text,2,13,-0.030294603
red,text,31a,14,-0.03509046
red,text,31pd,15,-0.30199888
red,text,31pv,16,-0.1382756
red,text,33pr,17,0.08770742
red,text,3a,18,-0.06673486
red,text,3b,19,-0.09359398
red,text,43,20,-0.003944611
red,text,44,21,-0.05672593
red,text,45,22,-0.10833279
red,text,46,23,0.07717275
red,text,47l,24,-0.17496975
red,text,47m,25,-0.025906386
red,text,47s,26,-0.16524126
red,text,4,27,0.01922057
red,text,52,28,0.000113664304
red,text,55b,29,-0.019144319
red,text,5L,30,-0.017506171
red,text,5m,31,-0.046707876
red,text,5mv,32,-0.034859918
red,text,6a,33,-0.039954092
red,text,6d,34,-0.06692604
red,text,6ma,35,-0.027844599
red,text,6mp,36,0.028204795
red,text,6r,37,0.051716607
red,text,6v,38,-0.015974049
red,text,7AL,39,-0.040832024
red,text,7Am,40,-0.17555338
red,text,7PC,41,-0.02821186
red,text,7PL,42,0.0137926685
red,text,7Pm,43,-0.23571542
red,text,7m,44,-0.4054301
red,text,8Ad,45,-0.11222994
red,text,8Av,46,-0.1121022
red,text,8BL,47,-0.20547274
red,text,8BM,48,-0.046253156
red,text,8C,49,-0.03847866
red,text,9-46d,50,0.040252116
red,text,9a,51,-0.106303185
red,text,9m,52,-0.309875
red,text,9p,53,-0.13968058
red,text,A1,54,-0.045006447
red,text,A4,55,-0.12920024
red,text,A5,56,-0.3135767
red,text,AAIC,57,-0.024214312
red,text,AIP,58,0.023183675
red,text,AVI,59,0.07743422
red,text,DVT,60,-0.056419387
red,text,EC,61,-0.14951375
red,text,FEF,62,0.009777601
red,text,FFC,63,-0.22065511
red,text,FOP1,64,-0.06832798
red,text,FOP2,65,-0.08663243
red,text,FOP3,66,0.021565134
red,text,FOP4,67,0.09490185
red,text,FOP5,68,0.112897456
red,text,FST,69,-0.3866299
red,text,H,70,-0.13229072
red,text,IFJa,71,0.048355464
red,text,IFJp,72,0.03479777
red,text,IFSa,73,-0.09503652
red,text,IFSp,74,-0.043599878
red,text,IP0,75,-0.022908427
red,text,IP1,76,0.063283496
red,text,IP2,77,0.11569733
red,text,IPS1,78,0.009343255
red,text,Ig,79,-0.050630927
red,text,LBelt,80,-0.06966106
red,text,LIPd,81,0.114588656
red,text,LIPv,82,0.08490712
red,text,LO1,83,-0.1526532
red,text,LO2,84,-0.2980785
red,text,LO3,85,-0.31220198
red,text,MBelt,86,0.024450082
red,text,MIP,87,0.057819337
red,text,MI,88,0.05767581
red,text,MST,89,-0.45636678
red,text,MT,90,-0.59892946
red,text,OFC,91,-0.0409622
red,text,OP1,92,-0.098154366
red,text,OP2-3,93,-0.051185697
red,text,OP4,94,-0.039793283
red,text,PBelt,95,-0.08070844
red,text,PCV,96,-0.3695198
red,text,PEF,97,-0.057328694
red,text,PF,98,0.018255116
red,text,PFcm,99,-0.023594404
red,text,PFm,100,0.024122888
red,text,PFop,101,-0.0021344244
red,text,PFt,102,-0.04386501
red,text,PGi,103,-0.4454651
red,text,PGp,104,-0.18966122
red,text,PGs,105,-0.20507269
red,text,PHA1,106,-0.104321845
red,text,PHA2,107,-0.098409414
red,text,PHA3,108,-0.018931676
red,text,PHT,109,-0.29940057
red,text,PH,110,-0.061407786
red,text,PIT,111,-0.29587978
red,text,PI,112,-0.04296785
red,text,POS1,113,-0.13637204
red,text,POS2,114,-0.010495903
red,text,PSL,115,-0.10737118
red,text,PeEc,116,-0.16132373
red,text,Pir,117,-0.15844972
red,text,PoI1,118,-0.032547165
red,text,PoI2,119,-0.015279625
red,text,PreS,120,-0.07991944
red,text,ProS,121,-0.02210397
red,text,RI,122,0.023205958
red,text,RSC,123,-0.0337511
red,text,SCEF,124,0.04664992
red,text,SFL,125,-0.17562135
red,text,STGa,126,-0.3712571
red,text,STSda,127,-0.43386698
red,text,STSdp,128,-0.35588968
red,text,STSva,129,-0.44048148
red,text,STSvp,130,-0.37601385
red,text,STV,131,-0.29636794
red,text,TA2,132,-0.003073825
red,text,TE1a,133,-0.49360067
red,text,TE1m,134,-0.13790485
red,text,TE1p,135,-0.1242364
red,text,TE2a,136,-0.20893244
red,text,TE2p,137,-0.15596324
red,text,TF,138,-0.121125445
red,text,TGd,139,-0.3880414
red,text,TGv,140,-0.28560773
red,text,TPOJ1,141,-0.2762666
red,text,TPOJ2,142,-0.42673448
red,text,TPOJ3,143,-0.38957265
red,text,V1,144,-0.2849442
red,text,V2,145,-0.29323533
red,text,V3A,146,-0.35527492
red,text,V3B,147,-0.04760571
red,text,V3CD,148,-0.033017192
red,text,V3,149,-0.31053174
red,text,V4,150,-0.1457619
red,text,V4t,151,-0.49709707
red,text,V6A,152,-0.11509134
red,text,V6,153,-0.049212713
red,text,V7,154,-0.1568097
red,text,V8,155,-0.12582166
red,text,VIP,156,-0.061777495
red,text,VMV1,157,-0.15002123
red,text,VMV2,158,0.003077682
red,text,VMV3,159,0.13305336
red,text,VVC,160,-0.018222447
red,text,a10p,161,0.056774933
red,text,a24,162,-0.04652876
red,text,a24pr,163,0.083836645
red,text,a32pr,164,0.053059075
red,text,a47r,165,-0.072426096
red,text,a9-46v,166,0.0904683
red,text,d23ab,167,-0.161613
red,text,d32,168,-0.12054506
red,text,i6-8,169,0.024852464
red,text,p10p,170,0.026516244
red,text,p24,171,0.072514474
red,text,p24pr,172,0.032823928
red,text,p32,173,0.040298134
red,text,p32pr,174,0.066839784
red,text,p47r,175,-0.07646875
red,text,p9-46v,176,0.009752298
red,text,pOFC,177,-0.036221292
red,text,s32,178,-0.13106284
red,text,s6-8,179,-0.11990884
red,text,v23ab,180,-0.28883842
red,color,?,0,-0.06276988
red,color,10d,1,-0.075142615
red,color,10pp,2,-0.052873243
red,color,10r,3,-0.10640433
red,color,10v,4,-0.111520514
red,color,11l,5,0.046707507
red,color,13l,6,-0.046483394
red,color,1,7,0.013214948
red,color,23c,8,-0.006002858
red,color,23d,9,0.05406952
red,color,24dd,10,0.036231127
red,color,24dv,11,0.104348354
red,color,25,12,-0.104976654
red,color,2,13,-0.016899051
red,color,31a,14,-0.036814544
red,color,31pd,15,-0.36776298
red,color,31pv,16,-0.15719344
red,color,33pr,17,0.13249436
red,color,3a,18,-0.040824942
red,color,3b,19,-0.07423302
red,color,43,20,0.052566122
red,color,44,21,-0.080476604
red,color,45,22,-0.15409139
red,color,46,23,0.105556935
red,color,47l,24,-0.21143836
red,color,47m,25,-0.025904767
red,color,47s,26,-0.19800217
red,color,4,27,0.05101115
red,color,52,28,0.069667995
red,color,55b,29,-0.056089427
red,color,5L,30,-0.0003995199
red,color,5m,31,-0.01373825
red,color,5mv,32,0.0027053356
red,color,6a,33,-0.029546246
red,color,6d,34,-0.04729281
red,color,6ma,35,-0.016593415
red,color,6mp,36,0.07178025
red,color,6r,37,0.075014904
red,color,6v,38,0.0023677282
red,color,7AL,39,-0.04059591
red,color,7Am,40,-0.16675623
red,color,7PC,41,-0.099030584
red,color,7PL,42,0.054534446
red,color,7Pm,43,-0.25811648
red,color,7m,44,-0.4813923
red,color,8Ad,45,-0.1241429
red,color,8Av,46,-0.13024384
red,color,8BL,47,-0.23816942
red,color,8BM,48,-0.07134391
red,color,8C,49,-0.07874507
red,color,9-46d,50,0.07224665
red,color,9a,51,-0.12471232
red,color,9m,52,-0.3506502
red,color,9p,53,-0.14601842
red,color,A1,54,-0.04905941
red,color,A4,55,-0.12742697
red,color,A5,56,-0.35235837
red,color,AAIC,57,0.01395713
red,color,AIP,58,-0.014347463
red,color,AVI,59,0.1238253
red,color,DVT,60,0.035579983
red,color,EC,61,-0.14597157
red,color,FEF,62,-0.0052157957
red,color,FFC,63,-0.38924396
red,color,FOP1,64,-0.0022377796
red,color,FOP2,65,-0.053795844
red,color,FOP3,66,0.100097
red,color,FOP4,67,0.16641329
red,color,FOP5,68,0.1484633
red,color,FST,69,-0.64521205
red,color,H,70,-0.11215172
red,color,IFJa,71,0.004541524
red,color,IFJp,72,0.0062821954
red,color,IFSa,73,-0.14209764
red,color,IFSp,74,-0.085515544
red,color,IP0,75,0.008924185
red,color,IP1,76,0.07913941
red,color,IP2,77,0.09693004
red,color,IPS1,78,0.0059916214
red,color,Ig,79,0.004732432
red,color,LBelt,80,-0.0953842
red,color,LIPd,81,0.048496984
red,color,LIPv,82,0.026758963
red,color,LO1,83,-0.21509314
red,color,LO2,84,-0.44595557
red,color,LO3,85,-0.3983845
red,color,MBelt,86,0.059242174
red,color,MIP,87,0.083078615
red,color,MI,88,0.118073665
red,color,MST,89,-0.7057113
red,color,MT,90,-0.79769945
red,color,OFC,91,-0.047794394
red,color,OP1,92,-0.04531574
red,color,OP2-3,93,0.010918854
red,color,OP4,94,0.027131267
red,color,PBelt,95,-0.088035665
red,color,PCV,96,-0.40776104
red,color,PEF,97,-0.1719231
red,color,PF,98,-0.0015946573
red,color,PFcm,99,-0.021937959
red,color,PFm,100,-0.0070378743
red,color,PFop,101,0.0057890797
red,color,PFt,102,-0.04809551
red,color,PGi,103,-0.5379302
red,color,PGp,104,-0.17763686
red,color,PGs,105,-0.21631551
red,color,PHA1,106,-0.05791546
red,color,PHA2,107,-0.061689407
red,color,PHA3,108,0.032586295
red,color,PHT,109,-0.46055794
red,color,PH,110,-0.18256116
red,color,PIT,111,-0.47143593
red,color,PI,112,-0.026427642
red,color,POS1,113,-0.10053951
red,color,POS2,114,0.01316881
red,color,PSL,115,-0.1784826
red,color,PeEc,116,-0.1769583
red,color,Pir,117,-0.15204583
red,color,PoI1,118,0.002545888
red,color,PoI2,119,0.015561212
red,color,PreS,120,-0.044245195
red,color,ProS,121,0.059196603
red,color,RI,122,0.052988045
red,color,RSC,123,-0.01443858
red,color,SCEF,124,0.0632624
red,color,SFL,125,-0.20950584
red,color,STGa,126,-0.41002366
red,color,STSda,127,-0.5414179
red,color,STSdp,128,-0.43291873
red,color,STSva,129,-0.5121772
red,color,STSvp,130,-0.46095437
red,color,STV,131,-0.45567146
red,color,TA2,132,0.0655925
red,color,TE1a,133,-0.5508324
red,color,TE1m,134,-0.15431145
red,color,TE1p,135,-0.14709483
red,color,TE2a,136,-0.2360004
red,color,TE2p,137,-0.27506804
red,color,TF,138,-0.16843191
red,color,TGd,139,-0.43277252
red,color,TGv,140,-0.32347935
red,color,TPOJ1,141,-0.4512292
red,color,TPOJ2,142,-0.65393895
red,color,TPOJ3,143,-0.53631747
red,color,V1,144,-0.13544047
red,color,V2,145,-0.1739107
red,color,V3A,146,-0.25789005
red,color,V3B,147,0.032300666
red,color,V3CD,148,0.04080774
red,color,V3,149,-0.23661616
red,color,V4,150,-0.122156695
red,color,V4t,151,-0.73053366
red,color,V6A,152,-0.106240876
red,color,V6,153,0.043478306
red,color,V7,154,-0.20148364
red,color,V8,155,-0.1536824
red,color,VIP,156,-0.06363096
red,color,VMV1,157,-0.04414499
red,color,VMV2,158,0.13809559
red,color,VMV3,159,0.21273813
red,color,VVC,160,-0.047446698
red,color,a10p,161,0.09112837
red,color,a24,162,-0.036034103
red,color,a24pr,163,0.16538008
red,color,a32pr,164,0.10537693
red,color,a47r,165,-0.06789598
red,color,a9-46v,166,0.11436613
red,color,d23ab,167,-0.1706213
red,color,d32,168,-0.12115552
red,color,i6-8,169,0.044282366
red,color,p10p,170,0.057645172
red,color,p24,171,0.13708247
red,color,p24pr,172,0.11263652
red,color,p32,173,0.092743784
red,color,p32pr,174,0.14950174
red,color,p47r,175,-0.09443548
red,color,p9-46v,176,0.018966613
red,color,pOFC,177,-0.032989312
red,color,s32,178,-0.14517254
red,color,s6-8,179,-0.13185246
red,color,v23ab,180,-0.3106988
red,audio,?,0,-0.13261695
red,audio,10d,1,-0.034941882
red,audio,10pp,2,-0.088448845
red,audio,10r,3,-0.16015288
red,audio,10v,4,-0.094575666
red,audio,11l,5,0.03913176
red,audio,13l,6,-0.070201665
red,audio,1,7,0.012739772
red,audio,23c,8,0.0058081197
red,audio,23d,9,0.025366101
red,audio,24dd,10,0.032119785
red,audio,24dv,11,0.06418862
red,audio,25,12,-0.13990334
red,audio,2,13,0.12870967
red,audio,31a,14,-0.07955361
red,audio,31pd,15,-0.4106786
red,audio,31pv,16,-0.19189331
red,audio,33pr,17,0.14585568
red,audio,3a,18,-0.08512121
red,audio,3b,19,-0.16729915
red,audio,43,20,-0.009077295
red,audio,44,21,-0.14283814
red,audio,45,22,-0.16787718
red,audio,46,23,0.08967745
red,audio,47l,24,-0.23931286
red,audio,47m,25,0.008934273
red,audio,47s,26,-0.2291891
red,audio,4,27,0.10827644
red,audio,52,28,-0.041916743
red,audio,55b,29,-0.018234944
red,audio,5L,30,0.10440017
red,audio,5m,31,0.0795417
red,audio,5mv,32,0.04564498
red,audio,6a,33,0.053183705
red,audio,6d,34,-0.028949168
red,audio,6ma,35,-0.008564343
red,audio,6mp,36,0.11649691
red,audio,6r,37,0.03406919
red,audio,6v,38,0.014519258
red,audio,7AL,39,0.14153899
red,audio,7Am,40,-0.13152985
red,audio,7PC,41,0.1641341
red,audio,7PL,42,0.1219415
red,audio,7Pm,43,-0.3018158
red,audio,7m,44,-0.51541084
red,audio,8Ad,45,-0.11595069
red,audio,8Av,46,-0.09140209
red,audio,8BL,47,-0.1587075
red,audio,8BM,48,-0.055504266
red,audio,8C,49,0.011075213
red,audio,9-46d,50,-0.029141068
red,audio,9a,51,-0.12711622
red,audio,9m,52,-0.3812184
red,audio,9p,53,-0.15052168
red,audio,A1,54,-0.041409347
red,audio,A4,55,-0.14123097
red,audio,A5,56,-0.44056818
red,audio,AAIC,57,-0.08822123
red,audio,AIP,58,0.123850055
red,audio,AVI,59,0.037043966
red,audio,DVT,60,0.03420504
red,audio,EC,61,-0.22196822
red,audio,FEF,62,0.17576857
red,audio,FFC,63,-0.09239903
red,audio,FOP1,64,-0.1250588
red,audio,FOP2,65,-0.074470684
red,audio,FOP3,66,0.0015013961
red,audio,FOP4,67,0.047116
red,audio,FOP5,68,0.08315302
red,audio,FST,69,-0.051705033
red,audio,H,70,-0.21723096
red,audio,IFJa,71,0.13107046
red,audio,IFJp,72,0.13643995
red,audio,IFSa,73,-0.07619303
red,audio,IFSp,74,0.0035395091
red,audio,IP0,75,0.15549292
red,audio,IP1,76,0.10087473
red,audio,IP2,77,0.16046855
red,audio,IPS1,78,0.2709083
red,audio,Ig,79,-0.08041014
red,audio,LBelt,80,-0.038889218
red,audio,LIPd,81,0.16598941
red,audio,LIPv,82,0.36104605
red,audio,LO1,83,0.15174612
red,audio,LO2,84,-0.0036204867
red,audio,LO3,85,-0.04821391
red,audio,MBelt,86,0.018016009
red,audio,MIP,87,0.17288063
red,audio,MI,88,0.015203277
red,audio,MST,89,-0.071607895
red,audio,MT,90,-0.24042323
red,audio,OFC,91,-0.05154298
red,audio,OP1,92,-0.12163816
red,audio,OP2-3,93,-0.08736139
red,audio,OP4,94,-0.08708814
red,audio,PBelt,95,-0.071145296
red,audio,PCV,96,-0.36896524
red,audio,PEF,97,-0.035469178
red,audio,PF,98,0.09383791
red,audio,PFcm,99,0.057197616
red,audio,PFm,100,0.026673382
red,audio,PFop,101,0.05845667
red,audio,PFt,102,0.046919852
red,audio,PGi,103,-0.5220667
red,audio,PGp,104,-0.081878945
red,audio,PGs,105,-0.25158072
red,audio,PHA1,106,-0.11719408
red,audio,PHA2,107,-0.0890699
red,audio,PHA3,108,0.03585964
red,audio,PHT,109,-0.33888233
red,audio,PH,110,0.12075831
red,audio,PIT,111,-0.14685471
red,audio,PI,112,-0.13973074
red,audio,POS1,113,-0.19438885
red,audio,POS2,114,-0.02537837
red,audio,PSL,115,-0.11748488
red,audio,PeEc,116,-0.21017587
red,audio,Pir,117,-0.26539317
red,audio,PoI1,118,-0.07072361
red,audio,PoI2,119,-0.013223659
red,audio,PreS,120,-0.16787644
red,audio,ProS,121,-0.09658847
red,audio,RI,122,0.08639526
red,audio,RSC,123,-0.074710324
red,audio,SCEF,124,0.05615229
red,audio,SFL,125,-0.20835266
red,audio,STGa,126,-0.58150375
red,audio,STSda,127,-0.60213614
red,audio,STSdp,128,-0.46629566
red,audio,STSva,129,-0.57008356
red,audio,STSvp,130,-0.49769568
red,audio,STV,131,-0.32506907
red,audio,TA2,132,-0.042603638
red,audio,TE1a,133,-0.6684183
red,audio,TE1m,134,-0.17493482
red,audio,TE1p,135,-0.17698185
red,audio,TE2a,136,-0.2918419
red,audio,TE2p,137,-0.11384342
red,audio,TF,138,-0.1270201
red,audio,TGd,139,-0.5712186
red,audio,TGv,140,-0.3969529
red,audio,TPOJ1,141,-0.29421884
red,audio,TPOJ2,142,-0.32344693
red,audio,TPOJ3,143,-0.20891577
red,audio,V1,144,-0.24828859
red,audio,V2,145,-0.24888416
red,audio,V3A,146,-0.09423834
red,audio,V3B,147,0.23862632
red,audio,V3CD,148,0.22098683
red,audio,V3,149,-0.16690956
red,audio,V4,150,0.1344893
red,audio,V4t,151,-0.08018356
red,audio,V6A,152,0.1545113
red,audio,V6,153,-0.0032584886
red,audio,V7,154,0.1902604
red,audio,V8,155,0.20725806
red,audio,VIP,156,0.17118493
red,audio,VMV1,157,-0.16643214
red,audio,VMV2,158,0.18015043
red,audio,VMV3,159,0.39165956
red,audio,VVC,160,0.10965126
red,audio,a10p,161,0.04110247
red,audio,a24,162,-0.11111605
red,audio,a24pr,163,0.075773455
red,audio,a32pr,164,0.021348177
red,audio,a47r,165,-0.07960547
red,audio,a9-46v,166,0.10457536
red,audio,d23ab,167,-0.20314391
red,audio,d32,168,-0.17629543
red,audio,i6-8,169,0.09287592
red,audio,p10p,170,-0.00012038668
red,audio,p24,171,0.062132433
red,audio,p24pr,172,0.051980887
red,audio,p32,173,0.04022117
red,audio,p32pr,174,0.06809949
red,audio,p47r,175,-0.09914125
red,audio,p9-46v,176,0.052472375
red,audio,pOFC,177,-0.053934023
red,audio,s32,178,-0.20585956
red,audio,s6-8,179,-0.11095374
red,audio,v23ab,180,-0.38042206
green,text,?,0,-0.08042393
green,text,10d,1,-0.07910095
green,text,10pp,2,-0.05583184
green,text,10r,3,-0.12198807
green,text,10v,4,-0.103697635
green,text,11l,5,0.028004011
green,text,13l,6,-0.04787871
green,text,1,7,-0.029604824
green,text,23c,8,-0.044704173
green,text,23d,9,0.022787385
green,text,24dd,10,-0.013016866
green,text,24dv,11,0.027444048
green,text,25,12,-0.0920412
green,text,2,13,-0.03787877
green,text,31a,14,-0.04727672
green,text,31pd,15,-0.31532687
green,text,31pv,16,-0.14401388
green,text,33pr,17,0.08344704
green,text,3a,18,-0.06852806
green,text,3b,19,-0.09546863
green,text,43,20,-0.003638006
green,text,44,21,-0.06591592
green,text,45,22,-0.11964738
green,text,46,23,0.061605953
green,text,47l,24,-0.18338197
green,text,47m,25,-0.02380835
green,text,47s,26,-0.17554887
green,text,4,27,0.017324984
green,text,52,28,0.001201088
green,text,55b,29,-0.022986304
green,text,5L,30,-0.02319787
green,text,5m,31,-0.051155336
green,text,5mv,32,-0.04824804
green,text,6a,33,-0.050978187
green,text,6d,34,-0.07123091
green,text,6ma,35,-0.046194814
green,text,6mp,36,0.024417743
green,text,6r,37,0.048355278
green,text,6v,38,-0.0187849
green,text,7AL,39,-0.052451644
green,text,7Am,40,-0.19520164
green,text,7PC,41,-0.040647876
green,text,7PL,42,0.010231157
green,text,7Pm,43,-0.25310895
green,text,7m,44,-0.42234582
green,text,8Ad,45,-0.12633081
green,text,8Av,46,-0.12059866
green,text,8BL,47,-0.21483341
green,text,8BM,48,-0.05545375
green,text,8C,49,-0.048704855
green,text,9-46d,50,0.022787472
green,text,9a,51,-0.11817144
green,text,9m,52,-0.32422838
green,text,9p,53,-0.15289642
green,text,A1,54,-0.046009935
green,text,A4,55,-0.118545726
green,text,A5,56,-0.305369
green,text,AAIC,57,-0.033366464
green,text,AIP,58,0.015077487
green,text,AVI,59,0.06996044
green,text,DVT,60,-0.0628059
green,text,EC,61,-0.14814222
green,text,FEF,62,-0.0029106373
green,text,FFC,63,-0.21727802
green,text,FOP1,64,-0.07057695
green,text,FOP2,65,-0.088407636
green,text,FOP3,66,0.022640867
green,text,FOP4,67,0.091038175
green,text,FOP5,68,0.1039686
green,text,FST,69,-0.4174576
green,text,H,70,-0.13142134
green,text,IFJa,71,0.046972223
green,text,IFJp,72,0.031892784
green,text,IFSa,73,-0.101040706
green,text,IFSp,74,-0.046267007
green,text,IP0,75,-0.014474366
green,text,IP1,76,0.063796915
green,text,IP2,77,0.11084345
green,text,IPS1,78,0.01166893
green,text,Ig,79,-0.050192993
green,text,LBelt,80,-0.069879375
green,text,LIPd,81,0.10909251
green,text,LIPv,82,0.080214225
green,text,LO1,83,-0.1403107
green,text,LO2,84,-0.2962172
green,text,LO3,85,-0.31808457
green,text,MBelt,86,0.030284269
green,text,MIP,87,0.0672958
green,text,MI,88,0.05311779
green,text,MST,89,-0.48786986
green,text,MT,90,-0.6257904
green,text,OFC,91,-0.042341426
green,text,OP1,92,-0.09799383
green,text,OP2-3,93,-0.047485407
green,text,OP4,94,-0.036700632
green,text,PBelt,95,-0.07322436
green,text,PCV,96,-0.39733008
green,text,PEF,97,-0.0779261
green,text,PF,98,0.004047058
green,text,PFcm,99,-0.032632478
green,text,PFm,100,0.014894613
green,text,PFop,101,-0.01017996
green,text,PFt,102,-0.051433597
green,text,PGi,103,-0.4624524
green,text,PGp,104,-0.19075014
green,text,PGs,105,-0.21280396
green,text,PHA1,106,-0.09742984
green,text,PHA2,107,-0.08937388
green,text,PHA3,108,-0.004530586
green,text,PHT,109,-0.32245594
green,text,PH,110,-0.06452208
green,text,PIT,111,-0.2947365
green,text,PI,112,-0.04217272
green,text,POS1,113,-0.1429637
green,text,POS2,114,-0.022013407
green,text,PSL,115,-0.1304426
green,text,PeEc,116,-0.15809663
green,text,Pir,117,-0.16115426
green,text,PoI1,118,-0.035475723
green,text,PoI2,119,-0.016724143
green,text,PreS,120,-0.078344755
green,text,ProS,121,-0.020460315
green,text,RI,122,0.021863071
green,text,RSC,123,-0.036633417
green,text,SCEF,124,0.040372077
green,text,SFL,125,-0.18654008
green,text,STGa,126,-0.36888358
green,text,STSda,127,-0.44394293
green,text,STSdp,128,-0.35863543
green,text,STSva,129,-0.44989547
green,text,STSvp,130,-0.38742945
green,text,STV,131,-0.3254538
green,text,TA2,132,0.02120573
green,text,TE1a,133,-0.5018539
green,text,TE1m,134,-0.14259993
green,text,TE1p,135,-0.12636445
green,text,TE2a,136,-0.21317375
green,text,TE2p,137,-0.16457704
green,text,TF,138,-0.121733375
green,text,TGd,139,-0.3896995
green,text,TGv,140,-0.28956178
green,text,TPOJ1,141,-0.29470366
green,text,TPOJ2,142,-0.4600331
green,text,TPOJ3,143,-0.41257724
green,text,V1,144,-0.26304176
green,text,V2,145,-0.27573583
green,text,V3A,146,-0.3477406
green,text,V3B,147,-0.028415257
green,text,V3CD,148,-0.004971787
green,text,V3,149,-0.28507504
green,text,V4,150,-0.11562013
green,text,V4t,151,-0.51773983
green,text,V6A,152,-0.12593718
green,text,V6,153,-0.05973846
green,text,V7,154,-0.16220333
green,text,V8,155,-0.09451325
green,text,VIP,156,-0.06877758
green,text,VMV1,157,-0.14318195
green,text,VMV2,158,0.032543525
green,text,VMV3,159,0.16979733
green,text,VVC,160,0.0044555
green,text,a10p,161,0.050912537
green,text,a24,162,-0.055794243
green,text,a24pr,163,0.07509459
green,text,a32pr,164,0.04423247
green,text,a47r,165,-0.0732055
green,text,a9-46v,166,0.085462704
green,text,d23ab,167,-0.16429302
green,text,d32,168,-0.13278316
green,text,i6-8,169,0.018057026
green,text,p10p,170,0.019495483
green,text,p24,171,0.06418272
green,text,p24pr,172,0.03138313
green,text,p32,173,0.03516098
green,text,p32pr,174,0.057184614
green,text,p47r,175,-0.08179648
green,text,p9-46v,176,0.0104654245
green,text,pOFC,177,-0.033826705
green,text,s32,178,-0.13422902
green,text,s6-8,179,-0.1330851
green,text,v23ab,180,-0.2943798
green,color,?,0,-0.08354215
green,color,10d,1,-0.12214396
green,color,10pp,2,-0.045051955
green,color,10r,3,-0.079163745
green,color,10v,4,-0.10549349
green,color,11l,5,0.028220806
green,color,13l,6,-0.04970879
green,color,1,7,-0.038887795
green,color,23c,8,-0.049677424
green,color,23d,9,-0.01226464
green,color,24dd,10,-0.03387479
green,color,24dv,11,0.004862562
green,color,25,12,-0.0801777
green,color,2,13,-0.041915465
green,color,31a,14,-0.06569173
green,color,31pd,15,-0.37640792
green,color,31pv,16,-0.17391807
green,color,33pr,17,0.051292483
green,color,3a,18,-0.0975089
green,color,3b,19,-0.13067909
green,color,43,20,-0.018302338
green,color,44,21,-0.10257988
green,color,45,22,-0.17935745
green,color,46,23,0.0269063
green,color,47l,24,-0.17968898
green,color,47m,25,-0.05335009
green,color,47s,26,-0.20739816
green,color,4,27,-0.020455811
green,color,52,28,-0.0022540432
green,color,55b,29,-0.09016633
green,color,5L,30,-0.04338133
green,color,5m,31,-0.06392065
green,color,5mv,32,-0.04470616
green,color,6a,33,-0.05686586
green,color,6d,34,-0.10154461
green,color,6ma,35,-0.07978614
green,color,6mp,36,-0.038784854
green,color,6r,37,0.030149227
green,color,6v,38,-0.053530276
green,color,7AL,39,-0.06294734
green,color,7Am,40,-0.17013492
green,color,7PC,41,-0.06030659
green,color,7PL,42,0.022369409
green,color,7Pm,43,-0.27577755
green,color,7m,44,-0.4651721
green,color,8Ad,45,-0.16327581
green,color,8Av,46,-0.1546469
green,color,8BL,47,-0.26642367
green,color,8BM,48,-0.11129554
green,color,8C,49,-0.11670238
green,color,9-46d,50,-0.006760936
green,color,9a,51,-0.16827393
green,color,9m,52,-0.36100528
green,color,9p,53,-0.19309479
green,color,A1,54,-0.08616306
green,color,A4,55,-0.1712622
green,color,A5,56,-0.35677433
green,color,AAIC,57,-0.030697985
green,color,AIP,58,-0.020940404
green,color,AVI,59,0.051514138
green,color,DVT,60,0.0030459817
green,color,EC,61,-0.12324002
green,color,FEF,62,-0.0529852
green,color,FFC,63,-0.31084347
green,color,FOP1,64,-0.050544713
green,color,FOP2,65,-0.07665662
green,color,FOP3,66,0.021060502
green,color,FOP4,67,0.07305286
green,color,FOP5,68,0.05856754
green,color,FST,69,-0.40685767
green,color,H,70,-0.10503285
green,color,IFJa,71,-0.03820547
green,color,IFJp,72,-0.022627313
green,color,IFSa,73,-0.15503685
green,color,IFSp,74,-0.12859675
green,color,IP0,75,0.07693088
green,color,IP1,76,0.05466623
green,color,IP2,77,0.05393138
green,color,IPS1,78,0.05192253
green,color,Ig,79,-0.024452308
green,color,LBelt,80,-0.13022912
green,color,LIPd,81,0.0382155
green,color,LIPv,82,0.050327633
green,color,LO1,83,-0.046166275
green,color,LO2,84,-0.30361232
green,color,LO3,85,-0.23541646
green,color,MBelt,86,-0.002414545
green,color,MIP,87,0.08986176
green,color,MI,88,0.035172857
green,color,MST,89,-0.48279303
green,color,MT,90,-0.57694936
green,color,OFC,91,-0.021058293
green,color,OP1,92,-0.08038386
green,color,OP2-3,93,-0.025648344
green,color,OP4,94,-0.021970466
green,color,PBelt,95,-0.12900206
green,color,PCV,96,-0.40428895
green,color,PEF,97,-0.15946089
green,color,PF,98,-0.022484412
green,color,PFcm,99,-0.028044362
green,color,PFm,100,-0.04116732
green,color,PFop,101,-0.040912222
green,color,PFt,102,-0.07091154
green,color,PGi,103,-0.4917908
green,color,PGp,104,-0.106559314
green,color,PGs,105,-0.20600922
green,color,PHA1,106,-0.050764736
green,color,PHA2,107,-0.03476635
green,color,PHA3,108,0.051799066
green,color,PHT,109,-0.38411874
green,color,PH,110,-0.0667553
green,color,PIT,111,-0.38359946
green,color,PI,112,-0.056694835
green,color,POS1,113,-0.11968811
green,color,POS2,114,-0.043101557
green,color,PSL,115,-0.1933495
green,color,PeEc,116,-0.14681894
green,color,Pir,117,-0.1387198
green,color,PoI1,118,-0.03361661
green,color,PoI2,119,-0.012888257
green,color,PreS,120,-0.053822458
green,color,ProS,121,0.012301858
green,color,RI,122,0.005187684
green,color,RSC,123,-0.06869106
green,color,SCEF,124,-0.03385645
green,color,SFL,125,-0.23410192
green,color,STGa,126,-0.36581513
green,color,STSda,127,-0.52580917
green,color,STSdp,128,-0.43628484
green,color,STSva,129,-0.48536348
green,color,STSvp,130,-0.47619316
green,color,STV,131,-0.4323463
green,color,TA2,132,0.021174073
green,color,TE1a,133,-0.47499967
green,color,TE1m,134,-0.1390165
green,color,TE1p,135,-0.12184011
green,color,TE2a,136,-0.20976488
green,color,TE2p,137,-0.2065945
green,color,TF,138,-0.15265073
green,color,TGd,139,-0.36740223
green,color,TGv,140,-0.27562377
green,color,TPOJ1,141,-0.437089
green,color,TPOJ2,142,-0.5448981
green,color,TPOJ3,143,-0.4398946
green,color,V1,144,-0.18435243
green,color,V2,145,-0.19909124
green,color,V3A,146,-0.21175863
green,color,V3B,147,0.10977769
green,color,V3CD,148,0.14524068
green,color,V3,149,-0.21615884
green,color,V4,150,-0.057304095
green,color,V4t,151,-0.47629908
green,color,V6A,152,-0.047077063
green,color,V6,153,-0.020414062
green,color,V7,154,-0.04985353
green,color,V8,155,-0.122117504
green,color,VIP,156,-0.01902539
green,color,VMV1,157,-0.043094844
green,color,VMV2,158,0.15547049
green,color,VMV3,159,0.24472871
green,color,VVC,160,-0.0124833565
green,color,a10p,161,0.037901007
green,color,a24,162,-0.054520078
green,color,a24pr,163,0.059522346
green,color,a32pr,164,0.022134138
green,color,a47r,165,-0.04909437
green,color,a9-46v,166,0.05518975
green,color,d23ab,167,-0.16468602
green,color,d32,168,-0.1659037
green,color,i6-8,169,-0.0035902008
green,color,p10p,170,0.007388359
green,color,p24,171,0.036613043
green,color,p24pr,172,0.032008167
green,color,p32,173,0.020843623
green,color,p32pr,174,0.049681064
green,color,p47r,175,-0.09868433
green,color,p9-46v,176,-0.016411664
green,color,pOFC,177,-0.03645044
green,color,s32,178,-0.08174012
green,color,s6-8,179,-0.16196008
green,color,v23ab,180,-0.29846126
green,audio,?,0,-0.13969894
green,audio,10d,1,-0.046890292
green,audio,10pp,2,-0.09251131
green,audio,10r,3,-0.15912658
green,audio,10v,4,-0.09072273
green,audio,11l,5,0.021295592
green,audio,13l,6,-0.082749605
green,audio,1,7,0.012303154
green,audio,23c,8,-0.016233468
green,audio,23d,9,0.0053943684
green,audio,24dd,10,0.022350008
green,audio,24dv,11,0.053630475
green,audio,25,12,-0.13889186
green,audio,2,13,0.11700906
green,audio,31a,14,-0.09721575
green,audio,31pd,15,-0.398504
green,audio,31pv,16,-0.19209509
green,audio,33pr,17,0.11501174
green,audio,3a,18,-0.08591055
green,audio,3b,19,-0.16500129
green,audio,43,20,-0.016712235
green,audio,44,21,-0.15205154
green,audio,45,22,-0.17456228
green,audio,46,23,0.05417132
green,audio,47l,24,-0.23431318
green,audio,47m,25,-0.004135333
green,audio,47s,26,-0.23644942
green,audio,4,27,0.10182314
green,audio,52,28,-0.056601547
green,audio,55b,29,-0.022092573
green,audio,5L,30,0.09323192
green,audio,5m,31,0.068648964
green,audio,5mv,32,0.025514822
green,audio,6a,33,0.036171455
green,audio,6d,34,-0.033046506
green,audio,6ma,35,-0.032225076
green,audio,6mp,36,0.10068973
green,audio,6r,37,0.009241338
green,audio,6v,38,0.006222053
green,audio,7AL,39,0.12603228
green,audio,7Am,40,-0.14797024
green,audio,7PC,41,0.14782469
green,audio,7PL,42,0.09149105
green,audio,7Pm,43,-0.31229627
green,audio,7m,44,-0.5004521
green,audio,8Ad,45,-0.12757947
green,audio,8Av,46,-0.1002591
green,audio,8BL,47,-0.16086672
green,audio,8BM,48,-0.07005941
green,audio,8C,49,-0.0002456709
green,audio,9-46d,50,-0.060258728
green,audio,9a,51,-0.13808136
green,audio,9m,52,-0.37782001
green,audio,9p,53,-0.16234455
green,audio,A1,54,-0.048875462
green,audio,A4,55,-0.13775203
green,audio,A5,56,-0.41500208
green,audio,AAIC,57,-0.10844703
green,audio,AIP,58,0.1029852
green,audio,AVI,59,0.005735465
green,audio,DVT,60,0.0074866135
green,audio,EC,61,-0.21708569
green,audio,FEF,62,0.15040989
green,audio,FFC,63,-0.07842551
green,audio,FOP1,64,-0.12840547
green,audio,FOP2,65,-0.07868661
green,audio,FOP3,66,-0.009658964
green,audio,FOP4,67,0.02299762
green,audio,FOP5,68,0.052333705
green,audio,FST,69,-0.033610143
green,audio,H,70,-0.21956609
green,audio,IFJa,71,0.11495771
green,audio,IFJp,72,0.11401819
green,audio,IFSa,73,-0.08623692
green,audio,IFSp,74,-0.002367128
green,audio,IP0,75,0.14182669
green,audio,IP1,76,0.07578602
green,audio,IP2,77,0.13123497
green,audio,IPS1,78,0.24714126
green,audio,Ig,79,-0.07645121
green,audio,LBelt,80,-0.048726324
green,audio,LIPd,81,0.13663119
green,audio,LIPv,82,0.33270806
green,audio,LO1,83,0.15787803
green,audio,LO2,84,0.022043636
green,audio,LO3,85,-0.04919207
green,audio,MBelt,86,0.0073384535
green,audio,MIP,87,0.14762382
green,audio,MI,88,-0.008427069
green,audio,MST,89,-0.054058142
green,audio,MT,90,-0.22332977
green,audio,OFC,91,-0.051289998
green,audio,OP1,92,-0.117027424
green,audio,OP2-3,93,-0.08309758
green,audio,OP4,94,-0.08531167
green,audio,PBelt,95,-0.07441016
green,audio,PCV,96,-0.37356862
green,audio,PEF,97,-0.03966837
green,audio,PF,98,0.06813054
green,audio,PFcm,99,0.04732318
green,audio,PFm,100,0.0019363255
green,audio,PFop,101,0.038704287
green,audio,PFt,102,0.029501071
green,audio,PGi,103,-0.50035554
green,audio,PGp,104,-0.088518575
green,audio,PGs,105,-0.25337425
green,audio,PHA1,106,-0.12205997
green,audio,PHA2,107,-0.09286412
green,audio,PHA3,108,0.02856263
green,audio,PHT,109,-0.3365559
green,audio,PH,110,0.11675201
green,audio,PIT,111,-0.11989156
green,audio,PI,112,-0.14417857
green,audio,POS1,113,-0.19903035
green,audio,POS2,114,-0.046261422
green,audio,PSL,115,-0.13229151
green,audio,PeEc,116,-0.20628902
green,audio,Pir,117,-0.2687904
green,audio,PoI1,118,-0.08441505
green,audio,PoI2,119,-0.026120534
green,audio,PreS,120,-0.17637365
green,audio,ProS,121,-0.12151891
green,audio,RI,122,0.0765815
green,audio,RSC,123,-0.090316676
green,audio,SCEF,124,0.0370009
green,audio,SFL,125,-0.2144564
green,audio,STGa,126,-0.5553162
green,audio,STSda,127,-0.5783026
green,audio,STSdp,128,-0.43782443
green,audio,STSva,129,-0.5458914
green,audio,STSvp,130,-0.47708127
green,audio,STV,131,-0.32052302
green,audio,TA2,132,-0.046001453
green,audio,TE1a,133,-0.6428565
green,audio,TE1m,134,-0.169995
green,audio,TE1p,135,-0.17784168
green,audio,TE2a,136,-0.28224713
green,audio,TE2p,137,-0.10909415
green,audio,TF,138,-0.12205446
green,audio,TGd,139,-0.5543626
green,audio,TGv,140,-0.38686553
green,audio,TPOJ1,141,-0.27960244
green,audio,TPOJ2,142,-0.3100047
green,audio,TPOJ3,143,-0.20679645
green,audio,V1,144,-0.24755281
green,audio,V2,145,-0.24790472
green,audio,V3A,146,-0.10507641
green,audio,V3B,147,0.22321369
green,audio,V3CD,148,0.21848804
green,audio,V3,149,-0.15317473
green,audio,V4,150,0.1437077
green,audio,V4t,151,-0.052888855
green,audio,V6A,152,0.12308099
green,audio,V6,153,-0.04476318
green,audio,V7,154,0.17631797
green,audio,V8,155,0.21341693
green,audio,VIP,156,0.1518538
green,audio,VMV1,157,-0.18191317
green,audio,VMV2,158,0.16294178
green,audio,VMV3,159,0.37256655
green,audio,VVC,160,0.10836408
green,audio,a10p,161,0.020584889
green,audio,a24,162,-0.1246868
green,audio,a24pr,163,0.043842327
green,audio,a32pr,164,-0.009593507
green,audio,a47r,165,-0.08688999
green,audio,a9-46v,166,0.073778674
green,audio,d23ab,167,-0.20895134
green,audio,d32,168,-0.18803456
green,audio,i6-8,169,0.06980402
green,audio,p10p,170,-0.024107471
green,audio,p24,171,0.027383365
green,audio,p24pr,172,0.033690546
green,audio,p32,173,0.018820759
green,audio,p32pr,174,0.0404875
green,audio,p47r,175,-0.11455936
green,audio,p9-46v,176,0.033469126
green,audio,pOFC,177,-0.059409454
green,audio,s32,178,-0.19995408
green,audio,s6-8,179,-0.122254394
green,audio,v23ab,180,-0.37451583
yellow,text,?,0,-0.078666486
yellow,text,10d,1,-0.074623905
yellow,text,10pp,2,-0.05457205
yellow,text,10r,3,-0.12853213
yellow,text,10v,4,-0.10649043
yellow,text,11l,5,0.030752527
yellow,text,13l,6,-0.046865635
yellow,text,1,7,-0.022784125
yellow,text,23c,8,-0.045469288
yellow,text,23d,9,0.033430856
yellow,text,24dd,10,-0.0082447445
yellow,text,24dv,11,0.03401913
yellow,text,25,12,-0.0953015
yellow,text,2,13,-0.028859334
yellow,text,31a,14,-0.043169376
yellow,text,31pd,15,-0.31266296
yellow,text,31pv,16,-0.13801572
yellow,text,33pr,17,0.0864495
yellow,text,3a,18,-0.062251028
yellow,text,3b,19,-0.08879173
yellow,text,43,20,0.0066732285
yellow,text,44,21,-0.06432485
yellow,text,45,22,-0.11600431
yellow,text,46,23,0.07676344
yellow,text,47l,24,-0.1883418
yellow,text,47m,25,-0.029002251
yellow,text,47s,26,-0.17270088
yellow,text,4,27,0.024693228
yellow,text,52,28,-0.0024146421
yellow,text,55b,29,-0.02241981
yellow,text,5L,30,-0.016374568
yellow,text,5m,31,-0.04580255
yellow,text,5mv,32,-0.046307806
yellow,text,6a,33,-0.0507201
yellow,text,6d,34,-0.0652597
yellow,text,6ma,35,-0.037022416
yellow,text,6mp,36,0.03190618
yellow,text,6r,37,0.057306327
yellow,text,6v,38,-0.011874483
yellow,text,7AL,39,-0.04472313
yellow,text,7Am,40,-0.1960536
yellow,text,7PC,41,-0.028814457
yellow,text,7PL,42,0.012786879
yellow,text,7Pm,43,-0.24132767
yellow,text,7m,44,-0.4160277
yellow,text,8Ad,45,-0.12132249
yellow,text,8Av,46,-0.1140049
yellow,text,8BL,47,-0.21145904
yellow,text,8BM,48,-0.051230934
yellow,text,8C,49,-0.043278962
yellow,text,9-46d,50,0.03764272
yellow,text,9a,51,-0.112779096
yellow,text,9m,52,-0.32557967
yellow,text,9p,53,-0.14533885
yellow,text,A1,54,-0.057202015
yellow,text,A4,55,-0.13476615
yellow,text,A5,56,-0.32183173
yellow,text,AAIC,57,-0.027619874
yellow,text,AIP,58,0.028004602
yellow,text,AVI,59,0.07885513
yellow,text,DVT,60,-0.06991335
yellow,text,EC,61,-0.14991853
yellow,text,FEF,62,0.0008243165
yellow,text,FFC,63,-0.2121563
yellow,text,FOP1,64,-0.059988588
yellow,text,FOP2,65,-0.083728224
yellow,text,FOP3,66,0.033378825
yellow,text,FOP4,67,0.10407037
yellow,text,FOP5,68,0.11563638
yellow,text,FST,69,-0.40298295
yellow,text,H,70,-0.13527884
yellow,text,IFJa,71,0.04442696
yellow,text,IFJp,72,0.031820226
yellow,text,IFSa,73,-0.10405521
yellow,text,IFSp,74,-0.051029105
yellow,text,IP0,75,-0.027576102
yellow,text,IP1,76,0.07475472
yellow,text,IP2,77,0.13008255
yellow,text,IPS1,78,0.006512434
yellow,text,Ig,79,-0.046328746
yellow,text,LBelt,80,-0.08812394
yellow,text,LIPd,81,0.12874012
yellow,text,LIPv,82,0.08879057
yellow,text,LO1,83,-0.14293821
yellow,text,LO2,84,-0.2907339
yellow,text,LO3,85,-0.31687424
yellow,text,MBelt,86,0.020624114
yellow,text,MIP,87,0.070548326
yellow,text,MI,88,0.06602763
yellow,text,MST,89,-0.47248337
yellow,text,MT,90,-0.61568296
yellow,text,OFC,91,-0.04221116
yellow,text,OP1,92,-0.09573896
yellow,text,OP2-3,93,-0.04228925
yellow,text,OP4,94,-0.030875972
yellow,text,PBelt,95,-0.090941176
yellow,text,PCV,96,-0.39820254
yellow,text,PEF,97,-0.07011124
yellow,text,PF,98,0.01709942
yellow,text,PFcm,99,-0.025736773
yellow,text,PFm,100,0.033668116
yellow,text,PFop,101,0.0032825007
yellow,text,PFt,102,-0.04231495
yellow,text,PGi,103,-0.46049112
yellow,text,PGp,104,-0.2083906
yellow,text,PGs,105,-0.21099791
yellow,text,PHA1,106,-0.12115903
yellow,text,PHA2,107,-0.12129575
yellow,text,PHA3,108,-0.036724094
yellow,text,PHT,109,-0.3140759
yellow,text,PH,110,-0.05731787
yellow,text,PIT,111,-0.28809914
yellow,text,PI,112,-0.04295863
yellow,text,POS1,113,-0.15653661
yellow,text,POS2,114,-0.0040965094
yellow,text,PSL,115,-0.1217143
yellow,text,PeEc,116,-0.16152208
yellow,text,Pir,117,-0.16069905
yellow,text,PoI1,118,-0.030242443
yellow,text,PoI2,119,-0.009256677
yellow,text,PreS,120,-0.08630244
yellow,text,ProS,121,-0.018547168
yellow,text,RI,122,0.016997928
yellow,text,RSC,123,-0.029627822
yellow,text,SCEF,124,0.051002335
yellow,text,SFL,125,-0.18058543
yellow,text,STGa,126,-0.37784413
yellow,text,STSda,127,-0.4530388
yellow,text,STSdp,128,-0.3648426
yellow,text,STSva,129,-0.46238416
yellow,text,STSvp,130,-0.39185587
yellow,text,STV,131,-0.31687662
yellow,text,TA2,132,0.012391154
yellow,text,TE1a,133,-0.50934035
yellow,text,TE1m,134,-0.14268968
yellow,text,TE1p,135,-0.12441924
yellow,text,TE2a,136,-0.21496522
yellow,text,TE2p,137,-0.15782617
yellow,text,TF,138,-0.12525366
yellow,text,TGd,139,-0.3946785
yellow,text,TGv,140,-0.29028514
yellow,text,TPOJ1,141,-0.29136956
yellow,text,TPOJ2,142,-0.44556558
yellow,text,TPOJ3,143,-0.4086645
yellow,text,V1,144,-0.27121508
yellow,text,V2,145,-0.28073376
yellow,text,V3A,146,-0.3411928
yellow,text,V3B,147,-0.041902315
yellow,text,V3CD,148,-0.029312218
yellow,text,V3,149,-0.2947051
yellow,text,V4,150,-0.13282833
yellow,text,V4t,151,-0.5045927
yellow,text,V6A,152,-0.11973698
yellow,text,V6,153,-0.04455362
yellow,text,V7,154,-0.15936083
yellow,text,V8,155,-0.10518862
yellow,text,VIP,156,-0.07129385
yellow,text,VMV1,157,-0.14738096
yellow,text,VMV2,158,-0.0067435266
yellow,text,VMV3,159,0.14318094
yellow,text,VVC,160,-0.009480155
yellow,text,a10p,161,0.060163885
yellow,text,a24,162,-0.055044312
yellow,text,a24pr,163,0.08917292
yellow,text,a32pr,164,0.058134917
yellow,text,a47r,165,-0.07053515
yellow,text,a9-46v,166,0.100055136
yellow,text,d23ab,167,-0.15671158
yellow,text,d32,168,-0.12915576
yellow,text,i6-8,169,0.025441663
yellow,text,p10p,170,0.02985609
yellow,text,p24,171,0.0759981
yellow,text,p24pr,172,0.033462055
yellow,text,p32,173,0.041119475
yellow,text,p32pr,174,0.07133423
yellow,text,p47r,175,-0.078596294
yellow,text,p9-46v,176,0.012912104
yellow,text,pOFC,177,-0.03135441
yellow,text,s32,178,-0.1426789
yellow,text,s6-8,179,-0.1265691
yellow,text,v23ab,180,-0.29716766
yellow,color,?,0,-0.06565315
yellow,color,10d,1,-0.070141695
yellow,color,10pp,2,-0.040095247
yellow,color,10r,3,-0.066398025
yellow,color,10v,4,-0.07897084
yellow,color,11l,5,-0.0049551255
yellow,color,13l,6,-0.06950333
yellow,color,1,7,-0.02321999
yellow,color,23c,8,-0.021811098
yellow,color,23d,9,-0.0060769985
yellow,color,24dd,10,-0.011787397
yellow,color,24dv,11,0.039678525
yellow,color,25,12,-0.07136119
yellow,color,2,13,-0.070263654
yellow,color,31a,14,-0.08887589
yellow,color,31pd,15,-0.25903973
yellow,color,31pv,16,-0.12713969
yellow,color,33pr,17,0.054404058
yellow,color,3a,18,-0.055358335
yellow,color,3b,19,-0.060159218
yellow,color,43,20,-0.009365948
yellow,color,44,21,-0.065679505
yellow,color,45,22,-0.10082807
yellow,color,46,23,-0.00078029954
yellow,color,47l,24,-0.13087729
yellow,color,47m,25,-0.05630052
yellow,color,47s,26,-0.14216958
yellow,color,4,27,-0.011039046
yellow,color,52,28,0.021124199
yellow,color,55b,29,-0.042755526
yellow,color,5L,30,-0.03183807
yellow,color,5m,31,-0.06698856
yellow,color,5mv,32,-0.017535117
yellow,color,6a,33,-0.03984443
yellow,color,6d,34,-0.061624862
yellow,color,6ma,35,-0.06371153
yellow,color,6mp,36,0.019755011
yellow,color,6r,37,-0.013537493
yellow,color,6v,38,-0.03901921
yellow,color,7AL,39,-0.06361296
yellow,color,7Am,40,-0.15141751
yellow,color,7PC,41,-0.12686051
yellow,color,7PL,42,-0.029730784
yellow,color,7Pm,43,-0.26207137
yellow,color,7m,44,-0.35804328
yellow,color,8Ad,45,-0.11069182
yellow,color,8Av,46,-0.1366038
yellow,color,8BL,47,-0.18009144
yellow,color,8BM,48,-0.08105055
yellow,color,8C,49,-0.09365712
yellow,color,9-46d,50,0.012172623
yellow,color,9a,51,-0.085440814
yellow,color,9m,52,-0.23365554
yellow,color,9p,53,-0.11820589
yellow,color,A1,54,-0.05554884
yellow,color,A4,55,-0.09856653
yellow,color,A5,56,-0.22353622
yellow,color,AAIC,57,-0.006682669
yellow,color,AIP,58,-0.08098356
yellow,color,AVI,59,0.03842401
yellow,color,DVT,60,0.01660114
yellow,color,EC,61,-0.12157353
yellow,color,FEF,62,-0.035881188
yellow,color,FFC,63,-0.31425315
yellow,color,FOP1,64,-0.05720303
yellow,color,FOP2,65,-0.07983682
yellow,color,FOP3,66,0.029562445
yellow,color,FOP4,67,0.048972502
yellow,color,FOP5,68,0.051991925
yellow,color,FST,69,-0.5681259
yellow,color,H,70,-0.08741029
yellow,color,IFJa,71,-0.03981949
yellow,color,IFJp,72,-0.05238486
yellow,color,IFSa,73,-0.13532451
yellow,color,IFSp,74,-0.07219738
yellow,color,IP0,75,0.0031832773
yellow,color,IP1,76,-0.050701793
yellow,color,IP2,77,-0.039590735
yellow,color,IPS1,78,-0.030774402
yellow,color,Ig,79,-0.022157421
yellow,color,LBelt,80,-0.089998916
yellow,color,LIPd,81,-0.056230653
yellow,color,LIPv,82,-0.03987095
yellow,color,LO1,83,-0.17502053
yellow,color,LO2,84,-0.37042648
yellow,color,LO3,85,-0.315378
yellow,color,MBelt,86,0.017774917
yellow,color,MIP,87,-0.014185908
yellow,color,MI,88,0.02373657
yellow,color,MST,89,-0.61294264
yellow,color,MT,90,-0.67683965
yellow,color,OFC,91,-0.043601144
yellow,color,OP1,92,-0.07527576
yellow,color,OP2-3,93,-0.026176253
yellow,color,OP4,94,-0.016094632
yellow,color,PBelt,95,-0.08882906
yellow,color,PCV,96,-0.3182154
yellow,color,PEF,97,-0.13302937
yellow,color,PF,98,-0.08008981
yellow,color,PFcm,99,-0.07194727
yellow,color,PFm,100,-0.09745915
yellow,color,PFop,101,-0.07588583
yellow,color,PFt,102,-0.08358324
yellow,color,PGi,103,-0.41164216
yellow,color,PGp,104,-0.12021313
yellow,color,PGs,105,-0.21569762
yellow,color,PHA1,106,-0.022348385
yellow,color,PHA2,107,-0.021301666
yellow,color,PHA3,108,0.07807648
yellow,color,PHT,109,-0.40544468
yellow,color,PH,110,-0.1910013
yellow,color,PIT,111,-0.3565989
yellow,color,PI,112,-0.041494396
yellow,color,POS1,113,-0.075873606
yellow,color,POS2,114,-0.06378141
yellow,color,PSL,115,-0.17664665
yellow,color,PeEc,116,-0.15010929
yellow,color,Pir,117,-0.12055403
yellow,color,PoI1,118,-0.036940984
yellow,color,PoI2,119,-0.033210177
yellow,color,PreS,120,-0.03599381
yellow,color,ProS,121,0.010215488
yellow,color,RI,122,-0.0016583625
yellow,color,RSC,123,-0.06445875
yellow,color,SCEF,124,-0.010240522
yellow,color,SFL,125,-0.14229493
yellow,color,STGa,126,-0.2769182
yellow,color,STSda,127,-0.3554174
yellow,color,STSdp,128,-0.2732614
yellow,color,STSva,129,-0.34663853
yellow,color,STSvp,130,-0.29548347
yellow,color,STV,131,-0.36778033
yellow,color,TA2,132,-0.0033708906
yellow,color,TE1a,133,-0.36508802
yellow,color,TE1m,134,-0.121015586
yellow,color,TE1p,135,-0.14480622
yellow,color,TE2a,136,-0.17330208
yellow,color,TE2p,137,-0.24780181
yellow,color,TF,138,-0.13245776
yellow,color,TGd,139,-0.30460173
yellow,color,TGv,140,-0.2411673
yellow,color,TPOJ1,141,-0.32946897
yellow,color,TPOJ2,142,-0.55366004
yellow,color,TPOJ3,143,-0.45982173
yellow,color,V1,144,-0.15850018
yellow,color,V2,145,-0.18269844
yellow,color,V3A,146,-0.328142
yellow,color,V3B,147,0.027581275
yellow,color,V3CD,148,0.093659595
yellow,color,V3,149,-0.20411713
yellow,color,V4,150,-0.06992769
yellow,color,V4t,151,-0.6218688
yellow,color,V6A,152,-0.16276063
yellow,color,V6,153,-0.041375045
yellow,color,V7,154,-0.21944647
yellow,color,V8,155,-0.1223786
yellow,color,VIP,156,-0.06621902
yellow,color,VMV1,157,-0.063425735
yellow,color,VMV2,158,0.18710105
yellow,color,VMV3,159,0.22318637
yellow,color,VVC,160,-0.006660947
yellow,color,a10p,161,0.03832139
yellow,color,a24,162,-0.03274512
yellow,color,a24pr,163,0.061849732
yellow,color,a32pr,164,0.005329384
yellow,color,a47r,165,-0.087840766
yellow,color,a9-46v,166,0.011650895
yellow,color,d23ab,167,-0.1683177
yellow,color,d32,168,-0.09929679
yellow,color,i6-8,169,-0.03320289
yellow,color,p10p,170,0.008689135
yellow,color,p24,171,0.059248097
yellow,color,p24pr,172,0.060037363
yellow,color,p32,173,0.027625192
yellow,color,p32pr,174,0.044241663
yellow,color,p47r,175,-0.101487614
yellow,color,p9-46v,176,-0.049830474
yellow,color,pOFC,177,-0.04958971
yellow,color,s32,178,-0.09390352
yellow,color,s6-8,179,-0.1355715
yellow,color,v23ab,180,-0.24585576
yellow,audio,?,0,-0.13946177
yellow,audio,10d,1,-0.04786658
yellow,audio,10pp,2,-0.09042779
yellow,audio,10r,3,-0.15630765
yellow,audio,10v,4,-0.08922291
yellow,audio,11l,5,0.020673586
yellow,audio,13l,6,-0.08300123
yellow,audio,1,7,0.010446391
yellow,audio,23c,8,-0.017360928
yellow,audio,23d,9,0.0046082903
yellow,audio,24dd,10,0.020483876
yellow,audio,24dv,11,0.051524267
yellow,audio,25,12,-0.13783225
yellow,audio,2,13,0.11575485
yellow,audio,31a,14,-0.09680138
yellow,audio,31pd,15,-0.39512572
yellow,audio,31pv,16,-0.19008926
yellow,audio,33pr,17,0.11274732
yellow,audio,3a,18,-0.08735916
yellow,audio,3b,19,-0.16720837
yellow,audio,43,20,-0.01766775
yellow,audio,44,21,-0.14955422
yellow,audio,45,22,-0.17172886
yellow,audio,46,23,0.05191772
yellow,audio,47l,24,-0.22916585
yellow,audio,47m,25,-0.0042172223
yellow,audio,47s,26,-0.2342284
yellow,audio,4,27,0.099902526
yellow,audio,52,28,-0.05513992
yellow,audio,55b,29,-0.019485543
yellow,audio,5L,30,0.09098519
yellow,audio,5m,31,0.066830285
yellow,audio,5mv,32,0.023890248
yellow,audio,6a,33,0.035269506
yellow,audio,6d,34,-0.034693286
yellow,audio,6ma,35,-0.03383419
yellow,audio,6mp,36,0.09696062
yellow,audio,6r,37,0.008270043
yellow,audio,6v,38,0.0054757465
yellow,audio,7AL,39,0.12408442
yellow,audio,7Am,40,-0.1481362
yellow,audio,7PC,41,0.14690563
yellow,audio,7PL,42,0.08975212
yellow,audio,7Pm,43,-0.3126287
yellow,audio,7m,44,-0.4971879
yellow,audio,8Ad,45,-0.12782519
yellow,audio,8Av,46,-0.09937708
yellow,audio,8BL,47,-0.15953715
yellow,audio,8BM,48,-0.06930511
yellow,audio,8C,49,0.0007452143
yellow,audio,9-46d,50,-0.0613117
yellow,audio,9a,51,-0.13716103
yellow,audio,9m,52,-0.37470764
yellow,audio,9p,53,-0.16148552
yellow,audio,A1,54,-0.042987194
yellow,audio,A4,55,-0.13162664
yellow,audio,A5,56,-0.40592292
yellow,audio,AAIC,57,-0.10722738
yellow,audio,AIP,58,0.101702444
yellow,audio,AVI,59,0.0058898553
yellow,audio,DVT,60,0.007495282
yellow,audio,EC,61,-0.21579692
yellow,audio,FEF,62,0.15010285
yellow,audio,FFC,63,-0.07646168
yellow,audio,FOP1,64,-0.12825258
yellow,audio,FOP2,65,-0.079950586
yellow,audio,FOP3,66,-0.011476674
yellow,audio,FOP4,67,0.021075113
yellow,audio,FOP5,68,0.050900716
yellow,audio,FST,69,-0.029707728
yellow,audio,H,70,-0.2187074
yellow,audio,IFJa,71,0.11611144
yellow,audio,IFJp,72,0.11371578
yellow,audio,IFSa,73,-0.085382916
yellow,audio,IFSp,74,-0.00019544092
yellow,audio,IP0,75,0.14382209
yellow,audio,IP1,76,0.074230656
yellow,audio,IP2,77,0.12841576
yellow,audio,IPS1,78,0.24650511
yellow,audio,Ig,79,-0.076450065
yellow,audio,LBelt,80,-0.040494293
yellow,audio,LIPd,81,0.13481243
yellow,audio,LIPv,82,0.33182025
yellow,audio,LO1,83,0.1610044
yellow,audio,LO2,84,0.025056547
yellow,audio,LO3,85,-0.045938984
yellow,audio,MBelt,86,0.011348726
yellow,audio,MIP,87,0.14724231
yellow,audio,MI,88,-0.009475241
yellow,audio,MST,89,-0.051072042
yellow,audio,MT,90,-0.22028458
yellow,audio,OFC,91,-0.050466396
yellow,audio,OP1,92,-0.11670795
yellow,audio,OP2-3,93,-0.08368997
yellow,audio,OP4,94,-0.08509267
yellow,audio,PBelt,95,-0.06743319
yellow,audio,PCV,96,-0.37189156
yellow,audio,PEF,97,-0.0374605
yellow,audio,PF,98,0.06765939
yellow,audio,PFcm,99,0.048683897
yellow,audio,PFm,100,0.0013583367
yellow,audio,PFop,101,0.03778175
yellow,audio,PFt,102,0.027868556
yellow,audio,PGi,103,-0.49487627
yellow,audio,PGp,104,-0.086204186
yellow,audio,PGs,105,-0.25144622
yellow,audio,PHA1,106,-0.120896645
yellow,audio,PHA2,107,-0.0917488
yellow,audio,PHA3,108,0.02918866
yellow,audio,PHT,109,-0.33302256
yellow,audio,PH,110,0.11836593
yellow,audio,PIT,111,-0.11796317
yellow,audio,PI,112,-0.14238785
yellow,audio,POS1,113,-0.19764256
yellow,audio,POS2,114,-0.046487257
yellow,audio,PSL,115,-0.12943879
yellow,audio,PeEc,116,-0.20565891
yellow,audio,Pir,117,-0.2670895
yellow,audio,PoI1,118,-0.0840165
yellow,audio,PoI2,119,-0.027028823
yellow,audio,PreS,120,-0.17504077
yellow,audio,ProS,121,-0.12069045
yellow,audio,RI,122,0.07863987
yellow,audio,RSC,123,-0.09073448
yellow,audio,SCEF,124,0.03549496
yellow,audio,SFL,125,-0.21205185
yellow,audio,STGa,126,-0.5485487
yellow,audio,STSda,127,-0.5712308
yellow,audio,STSdp,128,-0.4294251
yellow,audio,STSva,129,-0.5401862
yellow,audio,STSvp,130,-0.47128016
yellow,audio,STV,131,-0.315246
yellow,audio,TA2,132,-0.042071074
yellow,audio,TE1a,133,-0.63648033
yellow,audio,TE1m,134,-0.16789201
yellow,audio,TE1p,135,-0.17551628
yellow,audio,TE2a,136,-0.28012955
yellow,audio,TE2p,137,-0.107823044
yellow,audio,TF,138,-0.12183202
yellow,audio,TGd,139,-0.5504084
yellow,audio,TGv,140,-0.38448602
yellow,audio,TPOJ1,141,-0.27348602
yellow,audio,TPOJ2,142,-0.3062597
yellow,audio,TPOJ3,143,-0.20442612
yellow,audio,V1,144,-0.24574399
yellow,audio,V2,145,-0.24644014
yellow,audio,V3A,146,-0.104244746
yellow,audio,V3B,147,0.22529125
yellow,audio,V3CD,148,0.22197081
yellow,audio,V3,149,-0.15089674
yellow,audio,V4,150,0.14665593
yellow,audio,V4t,151,-0.049070783
yellow,audio,V6A,152,0.122545
yellow,audio,V6,153,-0.047133576
yellow,audio,V7,154,0.17847268
yellow,audio,V8,155,0.2155386
yellow,audio,VIP,156,0.15183076
yellow,audio,VMV1,157,-0.18003185
yellow,audio,VMV2,158,0.16636261
yellow,audio,VMV3,159,0.37482795
yellow,audio,VVC,160,0.10982311
yellow,audio,a10p,161,0.020786963
yellow,audio,a24,162,-0.12346174
yellow,audio,a24pr,163,0.042035386
yellow,audio,a32pr,164,-0.010892079
yellow,audio,a47r,165,-0.08518195
yellow,audio,a9-46v,166,0.07174425
yellow,audio,d23ab,167,-0.20714085
yellow,audio,d32,168,-0.1869052
yellow,audio,i6-8,169,0.06859866
yellow,audio,p10p,170,-0.0244674
yellow,audio,p24,171,0.026083652
yellow,audio,p24pr,172,0.032778434
yellow,audio,p32,173,0.017281119
yellow,audio,p32pr,174,0.038998235
yellow,audio,p47r,175,-0.113979906
yellow,audio,p9-46v,176,0.033183265
yellow,audio,pOFC,177,-0.059690412
yellow,audio,s32,178,-0.1975251
yellow,audio,s6-8,179,-0.12244215
yellow,audio,v23ab,180,-0.3723851
